genus,n_species,n_negative,n_positive,q25,median_pct,q75,prop_positive,iqr_pct,composition
flavobacterium,139.0,139.0,0.0,0.27399999999999997,0.27699999999999997,0.27799999999999997,0.0,0.0040000000000000036,NirK only
streptomyces,81.0,79.0,2.0,1.262,1.262,1.262,0.024691358024691357,0.0,Mixed
neisseria,36.0,5.0,31.0,0.256,0.258,0.26,0.8611111111111112,0.0040000000000000036,Mixed
cryobacterium,29.0,29.0,0.0,0.9490000000000001,0.9490000000000001,0.9490000000000001,0.0,0.0,NirK only
leptospira,25.0,25.0,0.0,0.28200000000000003,0.28200000000000003,0.28200000000000003,0.0,0.0,NirK only
microbacterium,25.0,24.0,1.0,0.955,1.266,1.266,0.04,0.31100000000000005,Mixed
cellulomonas,24.0,24.0,0.0,0.946,0.9490000000000001,0.9490000000000001,0.0,0.0030000000000001137,NirK only
janthinobacterium,24.0,20.0,4.0,0.292,0.292,0.292,0.16666666666666666,0.0,Mixed
pontibacter,24.0,24.0,0.0,0.266,0.267,0.267,0.0,0.0010000000000000009,NirK only
nonomuraea,23.0,12.0,11.0,1.262,1.262,1.264,0.4782608695652174,0.0020000000000000018,Mixed
massilia,23.0,6.0,17.0,0.27999999999999997,0.281,0.28150000000000003,0.7391304347826086,0.0015000000000000568,Mixed
azospirillum,21.0,3.0,18.0,0.313,0.627,0.629,0.8571428571428571,0.316,Mixed
brachybacterium,21.0,13.0,8.0,0.637,0.639,0.962,0.38095238095238093,0.32499999999999996,Mixed
lysobacter,21.0,16.0,5.0,0.295,0.528,0.532,0.23809523809523808,0.23700000000000004,Mixed
mycobacterium,20.0,20.0,0.0,1.27,1.274,1.274,0.0,0.0040000000000000036,NirK only
pseudoxanthomonas,20.0,8.0,12.0,0.292,0.293,0.3555,0.6,0.0635,Mixed
ornithinimicrobium,19.0,19.0,0.0,0.9520000000000001,0.9650000000000001,1.27,0.0,0.31799999999999995,NirK only
aequorivita,19.0,19.0,0.0,0.27399999999999997,0.27399999999999997,0.27399999999999997,0.0,0.0,NirK only
kocuria,18.0,17.0,1.0,0.9490000000000001,0.9520000000000001,0.95425,0.05555555555555555,0.005249999999999977,Mixed
tenacibaculum,18.0,18.0,0.0,0.27499999999999997,0.27499999999999997,0.27499999999999997,0.0,0.0,NirK only
chryseobacterium,18.0,18.0,0.0,0.302,0.302,0.302,0.0,0.0,NirK only
actinomadura,17.0,16.0,1.0,1.262,1.262,1.262,0.058823529411764705,0.0,Mixed
rhodanobacter,17.0,11.0,6.0,0.267,0.267,0.27699999999999997,0.35294117647058826,0.009999999999999953,Mixed
polaribacter,17.0,17.0,0.0,0.27399999999999997,0.27499999999999997,0.27499999999999997,0.0,0.0010000000000000009,NirK only
tessaracoccus,17.0,16.0,1.0,0.962,1.266,1.278,0.058823529411764705,0.31600000000000006,Mixed
microvirga,16.0,0.0,16.0,0.312,0.313,0.313,1.0,0.0010000000000000009,Both proteins
mycolicibacterium,16.0,16.0,0.0,1.2690000000000001,1.27,1.27,0.0,0.0009999999999998899,NirK only
luteimonas,15.0,12.0,3.0,0.28200000000000003,0.28200000000000003,0.53,0.2,0.248,Mixed
dyella,15.0,15.0,0.0,0.267,0.268,0.5355,0.0,0.26849999999999996,NirK only
mycolicibacter,15.0,15.0,0.0,1.266,1.27,1.27,0.0,0.0040000000000000036,NirK only
arthrobacter,14.0,14.0,0.0,1.266,1.266,1.272,0.0,0.006000000000000005,NirK only
ralstonia,14.0,1.0,13.0,0.27299999999999996,0.27299999999999996,0.27374999999999994,0.9285714285714286,0.0007499999999999729,Mixed
rothia,14.0,14.0,0.0,0.943,0.943,0.946,0.0,0.0030000000000000027,NirK only
bifidobacterium,14.0,14.0,0.0,1.286,1.286,1.286,0.0,0.0,NirK only
salinimicrobium,13.0,13.0,0.0,0.27699999999999997,0.27699999999999997,0.27999999999999997,0.0,0.0030000000000000027,NirK only
actinobacillus,13.0,13.0,0.0,0.3,0.3,0.3,0.0,0.0,NirK only
corynebacterium,13.0,13.0,0.0,0.993,1.645,1.656,0.0,0.6629999999999999,NirK only
myroides,12.0,12.0,0.0,0.27299999999999996,0.27299999999999996,0.34124999999999994,0.0,0.06824999999999998,NirK only
duganella,12.0,0.0,12.0,0.281,0.28200000000000003,0.28425,1.0,0.003249999999999975,Both proteins
arenimonas,12.0,11.0,1.0,0.532,0.5329999999999999,0.5329999999999999,0.08333333333333333,0.0009999999999998899,Mixed
winogradskyella,12.0,12.0,0.0,0.27499999999999997,0.27699999999999997,0.27799999999999997,0.0,0.0030000000000000027,NirK only
ramlibacter,12.0,6.0,6.0,0.27899999999999997,0.27949999999999997,0.28325,0.5,0.0042500000000000315,Mixed
psychrobacter,12.0,12.0,0.0,0.26,0.26,0.26,0.0,0.0,NirK only
kaistella,11.0,11.0,0.0,0.302,0.302,0.303,0.0,0.0010000000000000009,NirK only
devosia,11.0,1.0,10.0,0.623,0.625,0.627,0.9090909090909091,0.0040000000000000036,Mixed
pseudomonas,10.0,5.0,5.0,0.27925,0.27999999999999997,0.28200000000000003,0.5,0.00275000000000003,Mixed
georgenia,10.0,10.0,0.0,0.9490000000000001,0.955,1.5030000000000001,0.0,0.554,NirK only
arenibacter,10.0,10.0,0.0,0.27399999999999997,0.27399999999999997,0.27474999999999994,0.0,0.0007499999999999729,NirK only
comamonas,10.0,6.0,4.0,0.295,0.295,1.241,0.4,0.9460000000000002,Mixed
streptosporangium,10.0,10.0,0.0,1.262,1.262,1.268,0.0,0.006000000000000005,NirK only
amycolatopsis,10.0,10.0,0.0,0.968,1.266,1.266,0.0,0.29800000000000004,NirK only
gordonia,10.0,10.0,0.0,1.27,1.272,1.282,0.0,0.01200000000000001,NirK only
nocardioides,10.0,9.0,1.0,0.9475,1.108,1.2610000000000001,0.1,0.3135000000000001,Mixed
gelidibacter,9.0,9.0,0.0,0.27399999999999997,0.27499999999999997,0.27499999999999997,0.0,0.0010000000000000009,NirK only
bizionia,9.0,9.0,0.0,0.27399999999999997,0.27499999999999997,0.28300000000000003,0.0,0.009000000000000064,NirK only
novilysobacter,9.0,6.0,3.0,0.528,0.529,0.5309999999999999,0.3333333333333333,0.0029999999999998916,Mixed
cutibacterium,9.0,9.0,0.0,0.637,0.637,0.637,0.0,0.0,NirK only
capnocytophaga,9.0,9.0,0.0,0.27499999999999997,0.27499999999999997,0.27699999999999997,0.0,0.0020000000000000018,NirK only
rodentibacter,9.0,9.0,0.0,0.294,0.297,0.297,0.0,0.0030000000000000027,NirK only
oceanisphaera,9.0,0.0,9.0,0.27899999999999997,0.27899999999999997,0.27899999999999997,1.0,0.0,Both proteins
formosa,8.0,8.0,0.0,0.27374999999999994,0.27399999999999997,0.27625,0.0,0.0025000000000000577,NirK only
flagellimonas,8.0,8.0,0.0,0.27599999999999997,0.27599999999999997,0.27599999999999997,0.0,0.0,NirK only
brevibacterium,8.0,8.0,0.0,0.9520000000000001,0.955,0.955,0.0,0.0029999999999998916,NirK only
thermomonas,8.0,6.0,2.0,0.532,0.532,0.5334999999999999,0.25,0.0014999999999998348,Mixed
burkholderia,8.0,8.0,0.0,0.272,0.272,0.272,0.0,0.0,NirK only
sinomonas,8.0,8.0,0.0,1.278,1.278,1.278,0.0,0.0,NirK only
sphingobacterium,8.0,8.0,0.0,0.27899999999999997,0.27899999999999997,0.557,0.0,0.2780000000000001,NirK only
castellaniella,8.0,8.0,0.0,0.28200000000000003,0.28200000000000003,0.28200000000000003,0.0,0.0,NirK only
rhodococcus,7.0,5.0,2.0,1.272,1.274,1.274,0.2857142857142857,0.0020000000000000018,Mixed
fodinibius,7.0,2.0,5.0,0.28150000000000003,0.28200000000000003,0.43299999999999994,0.7142857142857143,0.1514999999999999,Mixed
pseudoalteromonas,7.0,4.0,3.0,0.557,0.557,0.557,0.42857142857142855,0.0,Mixed
glutamicibacter,7.0,7.0,0.0,0.9520000000000001,0.9520000000000001,0.9520000000000001,0.0,0.0,NirK only
haemophilus,7.0,7.0,0.0,0.293,0.293,0.2965,0.0,0.003500000000000003,NirK only
bradyrhizobium,7.0,0.0,7.0,0.571,0.571,0.571,1.0,0.0,Both proteins
algoriphagus,7.0,7.0,0.0,0.272,0.272,0.272,0.0,0.0,NirK only
oerskovia,7.0,6.0,1.0,0.952,0.955,0.955,0.14285714285714285,0.0030000000000000027,Mixed
cyclobacterium,7.0,7.0,0.0,0.27,0.27,0.2705,0.0,0.0005000000000000004,NirK only
kingella,7.0,1.0,6.0,0.2575,0.259,0.261,0.8571428571428571,0.003500000000000003,Mixed
aquimarina,7.0,7.0,0.0,0.272,0.272,0.27499999999999997,0.0,0.002999999999999947,NirK only
dietzia,7.0,5.0,2.0,0.958,0.958,0.958,0.2857142857142857,0.0,Mixed
epilithonimonas,6.0,6.0,0.0,0.302,0.302,0.302,0.0,0.0,NirK only
elizabethkingia,6.0,6.0,0.0,0.303,0.303,0.303,0.0,0.0,NirK only
chitinophaga,6.0,6.0,0.0,0.27299999999999996,0.27349999999999997,0.27474999999999994,0.0,0.0017499999999999738,NirK only
chromobacterium,6.0,1.0,5.0,0.28200000000000003,0.28200000000000003,0.28200000000000003,0.8333333333333334,0.0,Mixed
rugamonas,6.0,3.0,3.0,0.35724999999999996,0.5559999999999999,0.5605,0.5,0.20325000000000004,Mixed
marinobacter,6.0,3.0,3.0,0.28200000000000003,0.28200000000000003,0.28200000000000003,0.5,0.0,Mixed
pseudoduganella,6.0,2.0,4.0,0.27949999999999997,0.281,0.28175000000000006,0.6666666666666666,0.0022500000000000853,Mixed
propionibacterium,6.0,6.0,0.0,0.8025,1.299,1.299,0.0,0.49649999999999994,NirK only
marinobacterium,6.0,0.0,6.0,0.27,0.27449999999999997,0.27899999999999997,1.0,0.008999999999999952,Both proteins
pollutimonas,6.0,5.0,1.0,0.28200000000000003,0.28200000000000003,0.28200000000000003,0.16666666666666666,0.0,Mixed
janibacter,6.0,6.0,0.0,1.29375,1.329,1.329,0.0,0.035250000000000004,NirK only
avibacterium,6.0,6.0,0.0,0.296,0.296,0.296,0.0,0.0,NirK only
cognatundibacterium,6.0,3.0,3.0,0.27499999999999997,0.27749999999999997,0.27999999999999997,0.5,0.0050000000000000044,Mixed
aquamicrobium,6.0,1.0,5.0,0.27999999999999997,0.28200000000000003,0.28625,0.8333333333333334,0.006250000000000033,Mixed
sphingomonas,6.0,3.0,3.0,0.31425000000000003,0.3165,0.32325000000000004,0.5,0.009000000000000008,Mixed
cognatiluteimonas,5.0,5.0,0.0,0.532,0.5349999999999999,0.5349999999999999,0.0,0.0029999999999998916,NirK only
luteococcus,5.0,5.0,0.0,1.266,1.582,1.582,0.0,0.31600000000000006,NirK only
frateuria,5.0,2.0,3.0,0.267,0.267,0.267,0.6,0.0,Mixed
halopseudomonas,5.0,5.0,0.0,0.28200000000000003,0.29,0.563,0.0,0.2809999999999999,NirK only
kangiella,5.0,5.0,0.0,0.28200000000000003,0.28200000000000003,0.291,0.0,0.008999999999999952,NirK only
lacinutrix,5.0,5.0,0.0,0.27499999999999997,0.27499999999999997,0.27499999999999997,0.0,0.0,NirK only
mariniflexile,5.0,5.0,0.0,0.27399999999999997,0.27399999999999997,0.27399999999999997,0.0,0.0,NirK only
cellulosimicrobium,5.0,5.0,0.0,0.9490000000000001,0.9490000000000001,0.9490000000000001,0.0,0.0,NirK only
thermaerobacter,5.0,5.0,0.0,1.17,1.17,1.17,0.0,0.0,NirK only
microbulbifer,5.0,3.0,2.0,0.27599999999999997,0.27599999999999997,0.27599999999999997,0.4,0.0,Mixed
nocardiopsis,5.0,3.0,2.0,1.262,1.278,1.307,0.4,0.04499999999999993,Mixed
oceanimonas,5.0,0.0,5.0,0.27899999999999997,0.27899999999999997,0.27899999999999997,1.0,0.0,Both proteins
paramicrobacterium,5.0,5.0,0.0,1.266,1.266,1.266,0.0,0.0,NirK only
phycicoccus,5.0,5.0,0.0,1.266,1.266,1.27,0.0,0.0040000000000000036,NirK only
sanguibacter,5.0,5.0,0.0,0.943,0.9490000000000001,0.955,0.0,0.01200000000000001,NirK only
serinicoccus,5.0,5.0,0.0,0.946,0.946,0.9520000000000001,0.0,0.006000000000000116,NirK only
acidipropionibacterium,5.0,5.0,0.0,0.637,0.637,0.643,0.0,0.006000000000000005,NirK only
zobellella,5.0,5.0,0.0,0.27899999999999997,0.27899999999999997,0.27899999999999997,0.0,0.0,NirK only
alloalcanivorax,5.0,5.0,0.0,0.28700000000000003,0.293,0.304,0.0,0.01699999999999996,NirK only
arsenicicoccus,5.0,5.0,0.0,0.9490000000000001,0.9490000000000001,0.9490000000000001,0.0,0.0,NirK only
nitrospira,4.0,4.0,0.0,0.30275,0.31,0.38975,0.0,0.08699999999999997,NirK only
methylophaga,4.0,4.0,0.0,0.597,0.597,0.597,0.0,0.0,NirK only
polaromonas,4.0,1.0,3.0,0.281,0.281,0.281,0.75,0.0,Mixed
marilutibacter,4.0,3.0,1.0,0.292,0.41200000000000003,0.5327500000000001,0.25,0.24075000000000008,Mixed
methylocystis,4.0,3.0,1.0,0.28850000000000003,0.2905,0.36224999999999996,0.25,0.07374999999999993,Mixed
stutzerimonas,4.0,0.0,4.0,0.28350000000000003,0.28400000000000003,0.28400000000000003,1.0,0.0005000000000000004,Both proteins
marivirga,4.0,4.0,0.0,0.27349999999999997,0.27399999999999997,0.27399999999999997,0.0,0.0005000000000000004,NirK only
moraxella,4.0,4.0,0.0,0.26,0.2605,0.26125,0.0,0.0012499999999999734,NirK only
actinotalea,4.0,4.0,0.0,0.95125,0.9520000000000001,0.95275,0.0,0.0014999999999999458,NirK only
occultella,4.0,4.0,0.0,0.9490000000000001,0.9490000000000001,0.9505,0.0,0.0014999999999999458,NirK only
noviherbaspirillum,4.0,3.0,1.0,0.281,0.28150000000000003,0.28550000000000003,0.25,0.004500000000000004,Mixed
tomitella,4.0,4.0,0.0,1.27,1.27,1.271,0.0,0.0009999999999998899,NirK only
symbiobacterium,4.0,3.0,1.0,0.51025,0.583,0.584,0.25,0.07374999999999998,Mixed
demequina,4.0,4.0,0.0,0.9572499999999999,0.958,1.039,0.0,0.08174999999999999,NirK only
tahibacter,4.0,2.0,2.0,0.5425,0.5509999999999999,0.627,0.5,0.08450000000000002,Mixed
propioniciclava,4.0,4.0,0.0,1.5970000000000002,1.5970000000000002,1.5970000000000002,0.0,0.0,NirK only
confluentibacter,4.0,4.0,0.0,0.27399999999999997,0.27399999999999997,0.27725,0.0,0.0032500000000000306,NirK only
flexivirga,4.0,4.0,0.0,0.958,1.1179999999999999,1.278,0.0,0.32000000000000006,NirK only
agromyces,4.0,3.0,1.0,1.18825,1.27,1.2855,0.25,0.09725000000000006,Mixed
knoellia,4.0,4.0,0.0,0.95425,0.955,0.9575,0.0,0.003249999999999975,NirK only
pseudorhizobium,4.0,0.0,4.0,0.31675,0.627,0.9369999999999999,1.0,0.62025,Both proteins
shinella,4.0,1.0,3.0,0.27999999999999997,0.27999999999999997,0.28049999999999997,0.75,0.0005000000000000004,Mixed
iodobacter,4.0,0.0,4.0,0.5285,0.604,0.604,1.0,0.07550000000000001,Both proteins
algibacter,4.0,4.0,0.0,0.27399999999999997,0.27399999999999997,0.27449999999999997,0.0,0.0005000000000000004,NirK only
aestuariibaculum,4.0,4.0,0.0,0.27499999999999997,0.27499999999999997,0.27499999999999997,0.0,0.0,NirK only
salegentibacter,4.0,4.0,0.0,0.272,0.272,0.27275,0.0,0.0007499999999999729,NirK only
cognatilysobacter,4.0,4.0,0.0,0.28200000000000003,0.40700000000000003,0.533,0.0,0.251,NirK only
microtetraspora,3.0,3.0,0.0,1.264,1.266,1.272,0.0,0.008000000000000007,NirK only
billgrantia,3.0,0.0,3.0,0.28200000000000003,0.28200000000000003,0.28200000000000003,1.0,0.0,Both proteins
blastococcus,3.0,3.0,0.0,0.9490000000000001,0.9490000000000001,0.952,0.0,0.0029999999999998916,NirK only
agrilutibacter,3.0,1.0,2.0,0.528,0.528,0.53,0.6666666666666666,0.0020000000000000018,Mixed
flavivirga,3.0,3.0,0.0,0.27699999999999997,0.27699999999999997,0.27699999999999997,0.0,0.0,NirK only
fodinicurvata,3.0,1.0,2.0,0.627,0.627,0.629,0.6666666666666666,0.0020000000000000018,Mixed
flaviflexus,3.0,2.0,1.0,1.274,1.274,1.28,0.3333333333333333,0.006000000000000005,Mixed
rhodothermus,3.0,3.0,0.0,0.624,0.627,0.627,0.0,0.0030000000000000027,NirK only
mobilicoccus,3.0,3.0,0.0,1.266,1.266,1.268,0.0,0.0020000000000000018,NirK only
roseateles,3.0,2.0,1.0,0.28150000000000003,0.28200000000000003,0.5465,0.3333333333333333,0.26499999999999996,Mixed
roseivirga,3.0,3.0,0.0,0.27499999999999997,0.27499999999999997,0.27499999999999997,0.0,0.0,NirK only
mycolicibacillus,3.0,3.0,0.0,1.278,1.278,1.278,0.0,0.0,NirK only
marinicauda,3.0,3.0,0.0,0.47650000000000003,0.637,0.637,0.0,0.16049999999999998,NirK only
halomonas,3.0,1.0,2.0,0.28200000000000003,0.28200000000000003,0.28200000000000003,0.6666666666666666,0.0,Mixed
aestuariimicrobium,3.0,3.0,0.0,0.9550000000000001,0.958,0.963,0.0,0.007999999999999896,NirK only
advenella,3.0,0.0,3.0,0.268,0.268,0.268,1.0,0.0,Both proteins
stenotrophomonas,3.0,2.0,1.0,0.291,0.292,0.292,0.3333333333333333,0.0010000000000000009,Mixed
hymenobacter,3.0,3.0,0.0,0.2925,0.293,0.3,0.0,0.007500000000000007,NirK only
salinisphaera,3.0,3.0,0.0,0.5700000000000001,0.5700000000000001,0.7535000000000001,0.0,0.1835,NirK only
sphaerimonospora,3.0,3.0,0.0,1.262,1.262,1.262,0.0,0.0,NirK only
intrasporangium,3.0,3.0,0.0,1.1075,1.266,1.266,0.0,0.15850000000000009,NirK only
soonwooa,3.0,3.0,0.0,0.3,0.3,0.301,0.0,0.0010000000000000009,NirK only
lentzea,3.0,3.0,0.0,1.27,1.274,1.274,0.0,0.0040000000000000036,NirK only
solilutibacter,3.0,1.0,2.0,0.54,0.541,0.5435,0.6666666666666666,0.0034999999999999476,Mixed
bdellovibrio,3.0,3.0,0.0,0.271,0.271,0.4125,0.0,0.14149999999999996,NirK only
kaistia,3.0,0.0,3.0,0.27999999999999997,0.27999999999999997,0.28049999999999997,1.0,0.0005000000000000004,Both proteins
parafrigoribacterium,3.0,3.0,0.0,0.9490000000000001,0.9490000000000001,0.9490000000000001,0.0,0.0,NirK only
nitrospina,3.0,3.0,0.0,0.317,0.317,0.3175,0.0,0.0005000000000000004,NirK only
dokdonella,3.0,2.0,1.0,0.269,0.269,0.405,0.3333333333333333,0.136,Mixed
planomonospora,3.0,2.0,1.0,1.262,1.262,1.262,0.3333333333333333,0.0,Mixed
dermabacter,3.0,3.0,0.0,0.627,0.627,0.627,0.0,0.0,NirK only
ciceribacter,3.0,1.0,2.0,0.313,0.313,0.313,0.6666666666666666,0.0,Mixed
deinococcus,3.0,3.0,0.0,0.28500000000000003,0.28500000000000003,0.28500000000000003,0.0,0.0,NirK only
deefgea,3.0,0.0,3.0,0.298,0.298,0.4475,1.0,0.14950000000000002,Both proteins
brumimicrobium,3.0,3.0,0.0,0.272,0.272,0.28200000000000003,0.0,0.010000000000000009,NirK only
aminobacter,3.0,0.0,3.0,0.2975,0.311,0.624,1.0,0.3265,Both proteins
pelagibacterium,3.0,2.0,1.0,0.628,0.631,0.631,0.3333333333333333,0.0030000000000000027,Mixed
trinickia,3.0,3.0,0.0,0.295,0.295,0.295,0.0,0.0,NirK only
noviluteimonas,3.0,2.0,1.0,0.5339999999999999,0.5349999999999999,0.6684999999999999,0.3333333333333333,0.13449999999999995,Mixed
pelomonas,3.0,1.0,2.0,0.27999999999999997,0.27999999999999997,0.28049999999999997,0.6666666666666666,0.0005000000000000004,Mixed
nitrosospira,3.0,3.0,0.0,0.28450000000000003,0.28700000000000003,0.28700000000000003,0.0,0.0025000000000000022,NirK only
chloroflexus,3.0,2.0,1.0,0.2995,0.3,0.3,0.3333333333333333,0.0005000000000000004,Mixed
brevundimonas,3.0,2.0,1.0,0.3165,0.319,0.319,0.3333333333333333,0.0025000000000000022,Mixed
cecembia,3.0,3.0,0.0,0.27,0.27,0.27,0.0,0.0,NirK only
chitinibacter,3.0,0.0,3.0,0.602,0.602,0.602,1.0,0.0,Both proteins
paeniglutamicibacter,3.0,3.0,0.0,1.276,1.278,1.278,0.0,0.0020000000000000018,NirK only
saccharopolyspora,2.0,2.0,0.0,1.3365,1.415,1.4935,0.0,0.15700000000000003,NirK only
saccharomonospora,2.0,2.0,0.0,1.266,1.266,1.266,0.0,0.0,NirK only
mannheimia,2.0,2.0,0.0,0.295,0.295,0.295,0.0,0.0,NirK only
maribacter,2.0,2.0,0.0,0.27449999999999997,0.27599999999999997,0.27749999999999997,0.0,0.0030000000000000027,NirK only
paraglaciecola,2.0,0.0,2.0,0.557,0.557,0.557,1.0,0.0,Both proteins
arcticibacter,2.0,2.0,0.0,0.27499999999999997,0.27499999999999997,0.27499999999999997,0.0,0.0,NirK only
paraplanobispora,2.0,2.0,0.0,1.266,1.266,1.266,0.0,0.0,NirK only
antarcticibacterium,2.0,2.0,0.0,0.34474999999999995,0.4145,0.48424999999999996,0.0,0.1395,NirK only
saccharothrix,2.0,2.0,0.0,1.268,1.27,1.272,0.0,0.0040000000000000036,NirK only
planobispora,2.0,2.0,0.0,1.266,1.266,1.266,0.0,0.0,NirK only
paracoccus,2.0,0.0,2.0,0.6225,0.626,0.6295,1.0,0.006999999999999895,Both proteins
pasteurella,2.0,2.0,0.0,0.295,0.295,0.295,0.0,0.0,NirK only
lujinxingia,2.0,2.0,0.0,0.27999999999999997,0.27999999999999997,0.27999999999999997,0.0,0.0,NirK only
leucobacter,2.0,2.0,0.0,1.03275,1.1105,1.18825,0.0,0.15549999999999997,NirK only
pengzhenrongella,2.0,1.0,1.0,0.94675,0.9475,0.94825,0.5,0.0015000000000000568,Mixed
aerolutibacter,2.0,0.0,2.0,0.5309999999999999,0.5309999999999999,0.5309999999999999,1.0,0.0,Both proteins
kytococcus,2.0,2.0,0.0,1.2810000000000001,1.284,1.287,0.0,0.005999999999999783,NirK only
phenylobacterium,2.0,0.0,2.0,0.3195,0.32,0.3205,1.0,0.0010000000000000009,Both proteins
peristeroidobacter,2.0,0.0,2.0,0.27025,0.2705,0.27075000000000005,1.0,0.000500000000000056,Both proteins
parvibaculum,2.0,2.0,0.0,0.31275,0.3135,0.31425000000000003,0.0,0.0015000000000000568,NirK only
pricia,2.0,2.0,0.0,0.27325,0.27349999999999997,0.27374999999999994,0.0,0.0004999999999999449,NirK only
paludibacterium,2.0,0.0,2.0,0.35324999999999995,0.4265,0.49974999999999997,1.0,0.14650000000000002,Both proteins
methylotenera,2.0,0.0,2.0,0.5559999999999999,0.5559999999999999,0.5559999999999999,1.0,0.0,Both proteins
psychroserpens,2.0,2.0,0.0,0.27525,0.27549999999999997,0.27574999999999994,0.0,0.0004999999999999449,NirK only
necropsobacter,2.0,2.0,0.0,0.297,0.297,0.297,0.0,0.0,NirK only
neoaquamicrobium,2.0,0.0,2.0,0.3915,0.46799999999999997,0.5445,1.0,0.15299999999999997,Both proteins
pusillimonas,2.0,2.0,0.0,0.565,0.565,0.565,0.0,0.0,NirK only
snuella,2.0,2.0,0.0,0.27599999999999997,0.27599999999999997,0.27599999999999997,0.0,0.0,NirK only
nitratireductor,2.0,0.0,2.0,0.29025,0.2985,0.30675,1.0,0.016500000000000015,Both proteins
aquibaculum,2.0,2.0,0.0,0.943,0.943,0.943,0.0,0.0,NirK only
pseudonocardia,2.0,2.0,0.0,0.9520000000000001,0.9520000000000001,0.9520000000000001,0.0,0.0,NirK only
micropruina,2.0,2.0,0.0,1.287,1.288,1.2890000000000001,0.0,0.002000000000000224,NirK only
micrococcus,2.0,2.0,0.0,1.9109999999999998,1.9109999999999998,1.9109999999999998,0.0,0.0,NirK only
microbispora,2.0,0.0,2.0,1.266,1.266,1.266,1.0,0.0,Both proteins
rhodoblastus,2.0,1.0,1.0,0.83425,0.8355000000000001,0.8367500000000001,0.5,0.0025000000000000577,Mixed
arachnia,2.0,2.0,0.0,1.267,1.268,1.2690000000000001,0.0,0.002000000000000224,NirK only
amaricoccus,2.0,0.0,2.0,0.28025,0.28049999999999997,0.28075,1.0,0.0005000000000000004,Both proteins
afipia,2.0,1.0,1.0,0.28600000000000003,0.28600000000000003,0.28600000000000003,0.5,0.0,Mixed
methylacidiphilum,2.0,2.0,0.0,0.64475,0.6485000000000001,0.65225,0.0,0.007499999999999951,NirK only
methylacidimicrobium,2.0,2.0,0.0,0.6045,0.6160000000000001,0.6275000000000001,0.0,0.02300000000000002,NirK only
nostocoides,2.0,2.0,0.0,1.266,1.266,1.266,0.0,0.0,NirK only
mesorhizobium,2.0,0.0,2.0,0.28049999999999997,0.281,0.28150000000000003,1.0,0.0010000000000000564,Both proteins
mesonia,2.0,2.0,0.0,0.27499999999999997,0.27499999999999997,0.27499999999999997,0.0,0.0,NirK only
algorimicrobium,2.0,2.0,0.0,0.27549999999999997,0.27599999999999997,0.27649999999999997,0.0,0.0010000000000000009,NirK only
agrobacterium,2.0,0.0,2.0,0.317,0.317,0.317,1.0,0.0,Both proteins
rufibacter,2.0,2.0,0.0,0.267,0.267,0.267,0.0,0.0,NirK only
ottowia,2.0,1.0,1.0,0.5257499999999999,0.7595,0.99325,0.5,0.4675,Mixed
nocardia,2.0,2.0,0.0,1.04125,1.1175000000000002,1.19375,0.0,0.15250000000000008,NirK only
scardovia,2.0,2.0,0.0,1.0585,1.14,1.2214999999999998,0.0,0.1629999999999998,NirK only
bowdeniella,2.0,1.0,1.0,0.955,0.955,0.955,0.5,0.0,Mixed
haloferula,2.0,2.0,0.0,0.28225,0.2855,0.28874999999999995,0.0,0.00649999999999995,NirK only
vulcaniibacterium,2.0,2.0,0.0,0.53425,0.5365,0.5387500000000001,0.0,0.0045000000000000595,NirK only
humibacter,2.0,2.0,0.0,1.2730000000000001,1.276,1.279,0.0,0.005999999999999783,NirK only
caldimonas,2.0,0.0,2.0,0.29125,0.2915,0.29174999999999995,1.0,0.0004999999999999449,Both proteins
spirillospora,2.0,2.0,0.0,1.264,1.266,1.268,0.0,0.0040000000000000036,NirK only
ensifer,2.0,0.0,2.0,0.316,0.316,0.316,1.0,0.0,Both proteins
uruburuella,2.0,0.0,2.0,0.25925,0.2595,0.25975000000000004,1.0,0.000500000000000056,Both proteins
herbaspirillum,2.0,0.0,2.0,0.272,0.273,0.27399999999999997,1.0,0.0019999999999999463,Both proteins
bathymodiolus,2.0,2.0,0.0,0.616,0.617,0.618,0.0,0.0020000000000000018,NirK only
fulvimonas,2.0,2.0,0.0,0.2675,0.268,0.2685,0.0,0.0010000000000000009,NirK only
wocania,2.0,2.0,0.0,0.27625,0.27649999999999997,0.27674999999999994,0.0,0.0004999999999999449,NirK only
undibacterium,2.0,1.0,1.0,0.27474999999999994,0.27549999999999997,0.27625,0.5,0.0015000000000000568,Mixed
caenimonas,2.0,2.0,0.0,0.29125,0.3035,0.31575,0.0,0.024499999999999966,NirK only
fulvivirga,2.0,2.0,0.0,0.272,0.272,0.272,0.0,0.0,NirK only
galbibacter,2.0,2.0,0.0,0.27625,0.27649999999999997,0.27674999999999994,0.0,0.0004999999999999449,NirK only
gulosibacter,2.0,2.0,0.0,1.266,1.266,1.266,0.0,0.0,NirK only
tianweitania,2.0,0.0,2.0,0.3135,0.314,0.3145,1.0,0.0010000000000000009,Both proteins
dactylosporangium,2.0,2.0,0.0,1.27,1.27,1.27,0.0,0.0,NirK only
gillisia,2.0,2.0,0.0,0.27549999999999997,0.27599999999999997,0.27649999999999997,0.0,0.0010000000000000009,NirK only
euzebya,2.0,2.0,0.0,1.393,1.393,1.393,0.0,0.0,NirK only
gallibacterium,2.0,2.0,0.0,0.297,0.297,0.297,0.0,0.0,NirK only
flavimobilis,2.0,2.0,0.0,0.955,0.955,0.955,0.0,0.0,NirK only
caulobacter,2.0,1.0,1.0,0.321,0.321,0.321,0.5,0.0,Mixed
solitalea,2.0,2.0,0.0,0.27599999999999997,0.27699999999999997,0.27799999999999997,0.0,0.0020000000000000018,NirK only
jannaschia,2.0,1.0,1.0,0.627,0.629,0.631,0.5,0.0040000000000000036,Mixed
isoptericola,2.0,2.0,0.0,1.0442500000000001,1.1235,1.20275,0.0,0.15849999999999986,NirK only
faucicola,2.0,2.0,0.0,0.2605,0.261,0.2615,0.0,0.0010000000000000009,NirK only
jonesia,2.0,2.0,0.0,1.271,1.272,1.2730000000000001,0.0,0.002000000000000224,NirK only
chromohalobacter,2.0,2.0,0.0,0.27125,0.2755,0.27975000000000005,0.0,0.008500000000000063,NirK only
actinomyces,2.0,2.0,0.0,0.7242500000000001,0.8075000000000001,0.89075,0.0,0.16649999999999998,NirK only
christiangramia,2.0,2.0,0.0,0.34274999999999994,0.4125,0.48224999999999996,0.0,0.1395,NirK only
xenophilus,2.0,2.0,0.0,0.294,0.294,0.294,0.0,0.0,NirK only
xanthomarina,2.0,2.0,0.0,0.27499999999999997,0.27499999999999997,0.27499999999999997,0.0,0.0,NirK only
zhouia,2.0,2.0,0.0,0.27299999999999996,0.27299999999999996,0.27299999999999996,0.0,0.0,NirK only
psychroflexus,1.0,1.0,0.0,0.27399999999999997,0.27399999999999997,0.27399999999999997,0.0,0.0,NirK only
timonella,1.0,1.0,0.0,1.266,1.266,1.266,0.0,0.0,NirK only
alcanivorax,1.0,1.0,0.0,0.293,0.293,0.293,0.0,0.0,NirK only
thermoflavifilum,1.0,1.0,0.0,0.615,0.615,0.615,0.0,0.0,NirK only
pseudofulvimonas,1.0,1.0,0.0,0.8059999999999999,0.8059999999999999,0.8059999999999999,0.0,0.0,NirK only
pseudorhodoferax,1.0,1.0,0.0,0.292,0.292,0.292,0.0,0.0,NirK only
pseudogulbenkiania,1.0,0.0,1.0,0.28200000000000003,0.28200000000000003,0.28200000000000003,1.0,0.0,Both proteins
pseudozobellia,1.0,1.0,0.0,0.27299999999999996,0.27299999999999996,0.27299999999999996,0.0,0.0,NirK only
thiemannella,1.0,1.0,0.0,1.27,1.27,1.27,0.0,0.0,NirK only
thermoflexus,1.0,1.0,0.0,0.9259999999999999,0.9259999999999999,0.9259999999999999,0.0,0.0,NirK only
thermostaphylospora,1.0,0.0,1.0,1.262,1.262,1.262,1.0,0.0,Both proteins
thermorudis,1.0,1.0,0.0,0.309,0.309,0.309,0.0,0.0,NirK only
thermopolyspora,1.0,1.0,0.0,1.262,1.262,1.262,0.0,0.0,NirK only
thermomonospora,1.0,1.0,0.0,1.262,1.262,1.262,0.0,0.0,NirK only
agrococcus,1.0,1.0,0.0,1.262,1.262,1.262,0.0,0.0,NirK only
actinocrinis,1.0,1.0,0.0,0.9650000000000001,0.9650000000000001,0.9650000000000001,0.0,0.0,NirK only
pseudovibrio,1.0,0.0,1.0,0.9289999999999999,0.9289999999999999,0.9289999999999999,1.0,0.0,Both proteins
pseudopropionibacterium,1.0,1.0,0.0,1.27,1.27,1.27,0.0,0.0,NirK only
sinorhizobium/ensifer,1.0,0.0,1.0,0.316,0.316,0.316,1.0,0.0,Both proteins
uliginosibacterium,1.0,0.0,1.0,0.305,0.305,0.305,1.0,0.0,Both proteins
tistlia,1.0,0.0,1.0,0.312,0.312,0.312,1.0,0.0,Both proteins
pseudaminobacter,1.0,0.0,1.0,0.28600000000000003,0.28600000000000003,0.28600000000000003,1.0,0.0,Both proteins
zemynaea,1.0,1.0,0.0,0.281,0.281,0.281,0.0,0.0,NirK only
phototrophicus,1.0,0.0,1.0,0.0,0.0,0.0,1.0,0.0,Both proteins
allohahella,1.0,0.0,1.0,0.281,0.281,0.281,1.0,0.0,Both proteins
phytoactinopolyspora,1.0,1.0,0.0,0.968,0.968,0.968,0.0,0.0,NirK only
piscicoccus,1.0,1.0,0.0,1.587,1.587,1.587,0.0,0.0,NirK only
planobacterium,1.0,1.0,0.0,0.304,0.304,0.304,0.0,0.0,NirK only
yimella,1.0,1.0,0.0,0.971,0.971,0.971,0.0,0.0,NirK only
yanghanlia,1.0,0.0,1.0,0.563,0.563,0.563,1.0,0.0,Both proteins
pleomorphovibrio,1.0,1.0,0.0,0.27,0.27,0.27,0.0,0.0,NirK only
actinocorallia,1.0,1.0,0.0,1.27,1.27,1.27,0.0,0.0,NirK only
wielerella,1.0,0.0,1.0,0.26,0.26,0.26,1.0,0.0,Both proteins
wenyingzhuangia,1.0,1.0,0.0,0.27699999999999997,0.27699999999999997,0.27699999999999997,0.0,0.0,NirK only
vreelandella,1.0,0.0,1.0,0.28200000000000003,0.28200000000000003,0.28200000000000003,1.0,0.0,Both proteins
alitibacter,1.0,1.0,0.0,0.295,0.295,0.295,0.0,0.0,NirK only
villigracilis,1.0,0.0,1.0,0.28800000000000003,0.28800000000000003,0.28800000000000003,1.0,0.0,Both proteins
alicycliphilus,1.0,0.0,1.0,0.292,0.292,0.292,1.0,0.0,Both proteins
variovorax,1.0,1.0,0.0,0.292,0.292,0.292,0.0,0.0,NirK only
pontimicrobium,1.0,1.0,0.0,0.27299999999999996,0.27299999999999996,0.27299999999999996,0.0,0.0,NirK only
populibacterium,1.0,1.0,0.0,1.266,1.266,1.266,0.0,0.0,NirK only
povalibacter,1.0,1.0,0.0,0.268,0.268,0.268,0.0,0.0,NirK only
prauserella,1.0,1.0,0.0,1.266,1.266,1.266,0.0,0.0,NirK only
prescottella,1.0,1.0,0.0,0.9650000000000001,0.9650000000000001,0.9650000000000001,0.0,0.0,NirK only
thermobaculum,1.0,0.0,1.0,0.877,0.877,0.877,1.0,0.0,Both proteins
turneriella,1.0,1.0,0.0,0.27999999999999997,0.27999999999999997,0.27999999999999997,0.0,0.0,NirK only
propioniferax,1.0,1.0,0.0,1.274,1.274,1.274,0.0,0.0,NirK only
propylenella,1.0,0.0,1.0,0.318,0.318,0.318,1.0,0.0,Both proteins
prosthecobacter,1.0,1.0,0.0,0.27499999999999997,0.27499999999999997,0.27499999999999997,0.0,0.0,NirK only
pseudactinotalea,1.0,1.0,0.0,0.946,0.946,0.946,0.0,0.0,NirK only
pseudaestuariivita,1.0,0.0,1.0,0.629,0.629,0.629,1.0,0.0,Both proteins
thermobifida,1.0,1.0,0.0,1.266,1.266,1.266,0.0,0.0,NirK only
thalassomonas,1.0,0.0,1.0,0.27999999999999997,0.27999999999999997,0.27999999999999997,1.0,0.0,Both proteins
thermanaerothrix,1.0,1.0,0.0,0.28700000000000003,0.28700000000000003,0.28700000000000003,0.0,0.0,NirK only
stenoxybacter,1.0,1.0,0.0,0.266,0.266,0.266,0.0,0.0,NirK only
aeriscardovia,1.0,1.0,0.0,1.303,1.303,1.303,0.0,0.0,NirK only
aegicerorhabdus,1.0,0.0,1.0,0.27899999999999997,0.27899999999999997,0.27899999999999997,1.0,0.0,Both proteins
salinibacter,1.0,1.0,0.0,0.9119999999999999,0.9119999999999999,0.9119999999999999,0.0,0.0,NirK only
salana,1.0,1.0,0.0,1.238,1.238,1.238,0.0,0.0,NirK only
sphingosinicella,1.0,1.0,0.0,0.316,0.316,0.316,0.0,0.0,NirK only
splendidivirga,1.0,1.0,0.0,0.27499999999999997,0.27499999999999997,0.27499999999999997,0.0,0.0,NirK only
saccharicrinis,1.0,1.0,0.0,0.27399999999999997,0.27399999999999997,0.27399999999999997,0.0,0.0,NirK only
rubrilithobacter,1.0,1.0,0.0,0.27499999999999997,0.27499999999999997,0.27499999999999997,0.0,0.0,NirK only
ruicaihuangia,1.0,0.0,1.0,0.946,0.946,0.946,1.0,0.0,Both proteins
steroidobacter,1.0,0.0,1.0,0.27,0.27,0.27,1.0,0.0,Both proteins
actomonas,1.0,1.0,0.0,0.27299999999999996,0.27299999999999996,0.27299999999999996,0.0,0.0,NirK only
streptoverticillium,1.0,1.0,0.0,1.274,1.274,1.274,0.0,0.0,NirK only
subsaximicrobium,1.0,1.0,0.0,0.28300000000000003,0.28300000000000003,0.28300000000000003,0.0,0.0,NirK only
rubrivirga,1.0,1.0,0.0,0.298,0.298,0.298,0.0,0.0,NirK only
sphaerobacter,1.0,0.0,1.0,0.617,0.617,0.617,1.0,0.0,Both proteins
speluncibacter,1.0,1.0,0.0,0.9650000000000001,0.9650000000000001,0.9650000000000001,0.0,0.0,NirK only
salisaeta,1.0,1.0,0.0,0.621,0.621,0.621,0.0,0.0,NirK only
salsipaludibacter,1.0,1.0,0.0,0.8109999999999999,0.8109999999999999,0.8109999999999999,0.0,0.0,NirK only
sandaracinus,1.0,1.0,0.0,0.545,0.545,0.545,0.0,0.0,NirK only
aerosticca,1.0,1.0,0.0,0.266,0.266,0.266,0.0,0.0,NirK only
peteryoungia,1.0,0.0,1.0,0.318,0.318,0.318,1.0,0.0,Both proteins
specibacter,1.0,1.0,0.0,1.274,1.274,1.274,0.0,0.0,NirK only
segeticoccus,1.0,1.0,0.0,1.592,1.592,1.592,0.0,0.0,NirK only
silicimonas,1.0,0.0,1.0,0.621,0.621,0.621,1.0,0.0,Both proteins
silvimonas,1.0,0.0,1.0,0.306,0.306,0.306,1.0,0.0,Both proteins
simonsiella,1.0,0.0,1.0,0.258,0.258,0.258,1.0,0.0,Both proteins
simplicispira,1.0,1.0,0.0,1.2309999999999999,1.2309999999999999,1.2309999999999999,0.0,0.0,NirK only
sinimarinibacterium,1.0,0.0,1.0,0.269,0.269,0.269,1.0,0.0,Both proteins
sinomicrobium,1.0,1.0,0.0,0.27399999999999997,0.27399999999999997,0.27399999999999997,0.0,0.0,NirK only
solimonas,1.0,1.0,0.0,0.272,0.272,0.272,0.0,0.0,NirK only
aerobium,1.0,0.0,1.0,0.625,0.625,0.625,1.0,0.0,Both proteins
rubritalea,1.0,1.0,0.0,0.272,0.272,0.272,0.0,0.0,NirK only
ruania,1.0,1.0,0.0,1.286,1.286,1.286,0.0,0.0,NirK only
psychrosphaera,1.0,0.0,1.0,0.27899999999999997,0.27899999999999997,0.27899999999999997,1.0,0.0,Both proteins
testudinibacter,1.0,1.0,0.0,0.295,0.295,0.295,0.0,0.0,NirK only
rhabdothermincola,1.0,1.0,0.0,1.333,1.333,1.333,0.0,0.0,NirK only
rathayibacter,1.0,1.0,0.0,0.955,0.955,0.955,0.0,0.0,NirK only
terrisphaera,1.0,1.0,0.0,0.27399999999999997,0.27399999999999997,0.27399999999999997,0.0,0.0,NirK only
rarobacter,1.0,1.0,0.0,1.286,1.286,1.286,0.0,0.0,NirK only
aggregatilinea,1.0,0.0,1.0,0.0,0.0,0.0,1.0,0.0,Both proteins
actinorugispora,1.0,1.0,0.0,1.262,1.262,1.262,0.0,0.0,NirK only
thalassiella,1.0,1.0,0.0,1.274,1.274,1.274,0.0,0.0,NirK only
aestuariivivens,1.0,1.0,0.0,0.281,0.281,0.281,0.0,0.0,NirK only
sinorhizobium,1.0,0.0,1.0,0.316,0.316,0.316,1.0,0.0,Both proteins
raineyella,1.0,1.0,0.0,1.582,1.582,1.582,0.0,0.0,NirK only
qipengyuania,1.0,1.0,0.0,1.262,1.262,1.262,0.0,0.0,NirK only
putridiphycobacter,1.0,1.0,0.0,0.27299999999999996,0.27299999999999996,0.27299999999999996,0.0,0.0,NirK only
thermalbibacter,1.0,1.0,0.0,0.623,0.623,0.623,0.0,0.0,NirK only
pulveribacter,1.0,0.0,1.0,0.292,0.292,0.292,1.0,0.0,Both proteins
terrimesophilobacter,1.0,1.0,0.0,0.9520000000000001,0.9520000000000001,0.9520000000000001,0.0,0.0,NirK only
rhizobacter,1.0,0.0,1.0,0.27399999999999997,0.27399999999999997,0.27399999999999997,1.0,0.0,Both proteins
rhizobium,1.0,0.0,1.0,0.329,0.329,0.329,1.0,0.0,Both proteins
rhizomicrobium,1.0,0.0,1.0,0.308,0.308,0.308,1.0,0.0,Both proteins
rhizomonospora,1.0,1.0,0.0,1.262,1.262,1.262,0.0,0.0,NirK only
aggregatibacter,1.0,1.0,0.0,0.294,0.294,0.294,0.0,0.0,NirK only
terrihabitans,1.0,0.0,1.0,0.28600000000000003,0.28600000000000003,0.28600000000000003,1.0,0.0,Both proteins
rhodoglobus,1.0,1.0,0.0,0.9490000000000001,0.9490000000000001,0.9490000000000001,0.0,0.0,NirK only
rhodopila,1.0,0.0,1.0,0.28200000000000003,0.28200000000000003,0.28200000000000003,1.0,0.0,Both proteins
tepidicaulis,1.0,1.0,0.0,0.651,0.651,0.651,0.0,0.0,NirK only
tamlana,1.0,1.0,0.0,0.27499999999999997,0.27499999999999997,0.27499999999999997,0.0,0.0,NirK only
affinirhizobium,1.0,0.0,1.0,0.317,0.317,0.317,1.0,0.0,Both proteins
taklimakanibacter,1.0,0.0,1.0,0.311,0.311,0.311,1.0,0.0,Both proteins
sulfuriferula,1.0,1.0,0.0,0.559,0.559,0.559,0.0,0.0,NirK only
roseiarcus,1.0,0.0,1.0,0.5559999999999999,0.5559999999999999,0.5559999999999999,1.0,0.0,Both proteins
roseomonas,1.0,0.0,1.0,0.627,0.627,0.627,1.0,0.0,Both proteins
sulfitobacter,1.0,0.0,1.0,0.629,0.629,0.629,1.0,0.0,Both proteins
petrachloros,1.0,1.0,0.0,0.0,0.0,0.0,0.0,0.0,NirK only
cellulophaga,1.0,1.0,0.0,0.27299999999999996,0.27299999999999996,0.27299999999999996,0.0,0.0,NirK only
persicimonas,1.0,1.0,0.0,0.28500000000000003,0.28500000000000003,0.28500000000000003,0.0,0.0,NirK only
galliscardovia,1.0,1.0,0.0,1.6230000000000002,1.6230000000000002,1.6230000000000002,0.0,0.0,NirK only
hydrocarboniclastica,1.0,1.0,0.0,0.281,0.281,0.281,0.0,0.0,NirK only
hwangdonia,1.0,1.0,0.0,0.549,0.549,0.549,0.0,0.0,NirK only
humibacillus,1.0,1.0,0.0,1.608,1.608,1.608,0.0,0.0,NirK only
horticoccus,1.0,1.0,0.0,0.5459999999999999,0.5459999999999999,0.5459999999999999,0.0,0.0,NirK only
homoserinimonas,1.0,1.0,0.0,0.955,0.955,0.955,0.0,0.0,NirK only
homoserinibacter,1.0,1.0,0.0,0.923,0.923,0.923,0.0,0.0,NirK only
hoeflea,1.0,0.0,1.0,0.9369999999999999,0.9369999999999999,0.9369999999999999,1.0,0.0,Both proteins
helcobacillus,1.0,0.0,1.0,0.641,0.641,0.641,1.0,0.0,Both proteins
hanstruepera,1.0,1.0,0.0,0.27799999999999997,0.27799999999999997,0.27799999999999997,0.0,0.0,NirK only
haloflavibacter,1.0,1.0,0.0,0.27499999999999997,0.27499999999999997,0.27499999999999997,0.0,0.0,NirK only
halofilum,1.0,1.0,0.0,0.5700000000000001,0.5700000000000001,0.5700000000000001,0.0,0.0,NirK only
haloechinothrix,1.0,1.0,0.0,1.274,1.274,1.274,0.0,0.0,NirK only
halocynthiibacter,1.0,0.0,1.0,1.246,1.246,1.246,1.0,0.0,Both proteins
halalkalibaculum,1.0,1.0,0.0,0.613,0.613,0.613,0.0,0.0,NirK only
granulicoccus,1.0,1.0,0.0,1.266,1.266,1.266,0.0,0.0,NirK only
belliella,1.0,1.0,0.0,0.27,0.27,0.27,0.0,0.0,NirK only
bergeriella,1.0,0.0,1.0,0.263,0.263,0.263,1.0,0.0,Both proteins
gilvimarinus,1.0,0.0,1.0,0.28400000000000003,0.28400000000000003,0.28400000000000003,1.0,0.0,Both proteins
bergeyella,1.0,1.0,0.0,0.3,0.3,0.3,0.0,0.0,NirK only
hyphobacterium,1.0,0.0,1.0,0.319,0.319,0.319,1.0,0.0,Both proteins
hyphomicrobium,1.0,0.0,1.0,0.28600000000000003,0.28600000000000003,0.28600000000000003,1.0,0.0,Both proteins
imtechella,1.0,1.0,0.0,0.27499999999999997,0.27499999999999997,0.27499999999999997,0.0,0.0,NirK only
kribbia,1.0,1.0,0.0,1.603,1.603,1.603,0.0,0.0,NirK only
limnochorda,1.0,0.0,1.0,0.86,0.86,0.86,1.0,0.0,Both proteins
leptothrix,1.0,0.0,1.0,0.27999999999999997,0.27999999999999997,0.27999999999999997,1.0,0.0,Both proteins
arthrospiribacter,1.0,1.0,0.0,0.27,0.27,0.27,0.0,0.0,NirK only
leptobacterium,1.0,1.0,0.0,0.28200000000000003,0.28200000000000003,0.28200000000000003,0.0,0.0,NirK only
lentimicrobium,1.0,1.0,0.0,0.27599999999999997,0.27599999999999997,0.27599999999999997,0.0,0.0,NirK only
leifsonella,1.0,1.0,0.0,0.9520000000000001,0.9520000000000001,0.9520000000000001,0.0,0.0,NirK only
lacunisphaera,1.0,1.0,0.0,0.549,0.549,0.549,0.0,0.0,NirK only
aurantibrevibacter,1.0,1.0,0.0,0.27399999999999997,0.27399999999999997,0.27399999999999997,0.0,0.0,NirK only
aurantimonas,1.0,0.0,1.0,0.318,0.318,0.318,1.0,0.0,Both proteins
indibacter,1.0,1.0,0.0,0.27,0.27,0.27,0.0,0.0,NirK only
aureibaculum,1.0,1.0,0.0,0.27299999999999996,0.27299999999999996,0.27299999999999996,0.0,0.0,NirK only
kineosphaera,1.0,1.0,0.0,0.946,0.946,0.946,0.0,0.0,NirK only
keguizhuia,1.0,0.0,1.0,0.28800000000000003,0.28800000000000003,0.28800000000000003,1.0,0.0,Both proteins
aureimonas,1.0,1.0,0.0,0.313,0.313,0.313,0.0,0.0,NirK only
austwickia,1.0,1.0,0.0,0.958,0.958,0.958,0.0,0.0,NirK only
joostella,1.0,1.0,0.0,0.27599999999999997,0.27599999999999997,0.27599999999999997,0.0,0.0,NirK only
autumnicola,1.0,1.0,0.0,0.27899999999999997,0.27899999999999997,0.27899999999999997,0.0,0.0,NirK only
basfia,1.0,1.0,0.0,0.295,0.295,0.295,0.0,0.0,NirK only
geochorda,1.0,1.0,0.0,0.906,0.906,0.906,0.0,0.0,NirK only
gaetbulibacter,1.0,1.0,0.0,0.27699999999999997,0.27699999999999997,0.27699999999999997,0.0,0.0,NirK only
permianibacter,1.0,0.0,1.0,0.557,0.557,0.557,1.0,0.0,Both proteins
borborobacter,1.0,0.0,1.0,0.27999999999999997,0.27999999999999997,0.27999999999999997,1.0,0.0,Both proteins
cytophaga,1.0,1.0,0.0,0.27499999999999997,0.27499999999999997,0.27499999999999997,0.0,0.0,NirK only
caldinitratiruptor,1.0,1.0,0.0,0.583,0.583,0.583,0.0,0.0,NirK only
calidifontibacter,1.0,1.0,0.0,0.955,0.955,0.955,0.0,0.0,NirK only
cupriavidus,1.0,1.0,0.0,0.294,0.294,0.294,0.0,0.0,NirK only
cumulibacter,1.0,1.0,0.0,1.0,1.0,1.0,0.0,0.0,NirK only
cryomorpha,1.0,1.0,0.0,0.272,0.272,0.272,0.0,0.0,NirK only
camelimonas,1.0,1.0,0.0,0.28200000000000003,0.28200000000000003,0.28200000000000003,0.0,0.0,NirK only
cruoricaptor,1.0,1.0,0.0,0.3,0.3,0.3,0.0,0.0,NirK only
croceitalea,1.0,1.0,0.0,0.28700000000000003,0.28700000000000003,0.28700000000000003,0.0,0.0,NirK only
cricetibacter,1.0,1.0,0.0,0.299,0.299,0.299,0.0,0.0,NirK only
carbonactinospora,1.0,1.0,0.0,1.262,1.262,1.262,0.0,0.0,NirK only
carbonatibacter,1.0,0.0,1.0,0.9369999999999999,0.9369999999999999,0.9369999999999999,1.0,0.0,Both proteins
catellatospora,1.0,1.0,0.0,1.274,1.274,1.274,0.0,0.0,NirK only
catenovulum,1.0,1.0,0.0,0.281,0.281,0.281,0.0,0.0,NirK only
citreimonas,1.0,1.0,0.0,0.635,0.635,0.635,0.0,0.0,NirK only
chthoniobacter,1.0,1.0,0.0,0.272,0.272,0.272,0.0,0.0,NirK only
cauispirillum,1.0,1.0,0.0,0.643,0.643,0.643,0.0,0.0,NirK only
chelativorans,1.0,0.0,1.0,0.623,0.623,0.623,1.0,0.0,Both proteins
changchengzhania,1.0,1.0,0.0,0.27599999999999997,0.27599999999999997,0.27599999999999997,0.0,0.0,NirK only
defluviilinea,1.0,1.0,0.0,0.909,0.909,0.909,0.0,0.0,NirK only
desertivirga,1.0,1.0,0.0,0.549,0.549,0.549,0.0,0.0,NirK only
devriesea,1.0,1.0,0.0,0.637,0.637,0.637,0.0,0.0,NirK only
ferruginivarius,1.0,0.0,1.0,0.633,0.633,0.633,1.0,0.0,Both proteins
fontibacter,1.0,1.0,0.0,0.27,0.27,0.27,0.0,0.0,NirK only
fodinibacter,1.0,1.0,0.0,1.27,1.27,1.27,0.0,0.0,NirK only
flindersiella,1.0,1.0,0.0,1.572,1.572,1.572,0.0,0.0,NirK only
flexifilum,1.0,0.0,1.0,0.0,0.0,0.0,1.0,0.0,Both proteins
brackiella,1.0,1.0,0.0,0.271,0.271,0.271,0.0,0.0,NirK only
flavihumibacter,1.0,1.0,0.0,0.297,0.297,0.297,0.0,0.0,NirK only
flavicella,1.0,1.0,0.0,0.27399999999999997,0.27399999999999997,0.27399999999999997,0.0,0.0,NirK only
bradymonas,1.0,1.0,0.0,0.567,0.567,0.567,0.0,0.0,NirK only
ferrovibrio,1.0,1.0,0.0,0.314,0.314,0.314,0.0,0.0,NirK only
caenispirillum,1.0,0.0,1.0,0.635,0.635,0.635,1.0,0.0,Both proteins
ferrigenium,1.0,1.0,0.0,1.254,1.254,1.254,0.0,0.0,NirK only
exercitatus,1.0,1.0,0.0,0.295,0.295,0.295,0.0,0.0,NirK only
eoetvoesiella,1.0,1.0,0.0,1.246,1.246,1.246,0.0,0.0,NirK only
enteractinococcus,1.0,1.0,0.0,1.266,1.266,1.266,0.0,0.0,NirK only
enemella,1.0,1.0,0.0,0.955,0.955,0.955,0.0,0.0,NirK only
empedobacter,1.0,1.0,0.0,0.303,0.303,0.303,0.0,0.0,NirK only
brucella,1.0,0.0,1.0,0.316,0.316,0.316,1.0,0.0,Both proteins
egicoccus,1.0,1.0,0.0,0.293,0.293,0.293,0.0,0.0,NirK only
limnovirga,1.0,1.0,0.0,0.27799999999999997,0.27799999999999997,0.27799999999999997,0.0,0.0,NirK only
litchfieldella,1.0,0.0,1.0,0.28200000000000003,0.28200000000000003,0.28200000000000003,1.0,0.0,Both proteins
litoribacter,1.0,1.0,0.0,0.271,0.271,0.271,0.0,0.0,NirK only
lotipaludicoccus,1.0,1.0,0.0,0.281,0.281,0.281,0.0,0.0,NirK only
alsobacter,1.0,0.0,1.0,0.313,0.313,0.313,1.0,0.0,Both proteins
alterluteimonas,1.0,1.0,0.0,0.28200000000000003,0.28200000000000003,0.28200000000000003,0.0,0.0,NirK only
oceanihabitans,1.0,1.0,0.0,0.27699999999999997,0.27699999999999997,0.27699999999999997,0.0,0.0,NirK only
nucleicultrix,1.0,1.0,0.0,0.647,0.647,0.647,0.0,0.0,NirK only
novimethylophilus,1.0,0.0,1.0,0.5559999999999999,0.5559999999999999,0.5559999999999999,1.0,0.0,Both proteins
alterotamlana,1.0,1.0,0.0,0.27899999999999997,0.27899999999999997,0.27899999999999997,0.0,0.0,NirK only
nostoc,1.0,1.0,0.0,0.28400000000000003,0.28400000000000003,0.28400000000000003,0.0,0.0,NirK only
alysiella,1.0,0.0,1.0,0.26,0.26,0.26,1.0,0.0,Both proteins
cerina,1.0,1.0,0.0,0.27399999999999997,0.27399999999999997,0.27399999999999997,0.0,0.0,NirK only
nitrosococcus,1.0,1.0,0.0,0.567,0.567,0.567,0.0,0.0,NirK only
nitronereus,1.0,1.0,0.0,0.621,0.621,0.621,0.0,0.0,NirK only
nevskia,1.0,1.0,0.0,0.27899999999999997,0.27899999999999997,0.27899999999999997,0.0,0.0,NirK only
neopararhizobium,1.0,1.0,0.0,0.943,0.943,0.943,0.0,0.0,NirK only
neomicrothrix,1.0,1.0,0.0,1.1400000000000001,1.1400000000000001,1.1400000000000001,0.0,0.0,NirK only
ammonicoccus,1.0,1.0,0.0,1.582,1.582,1.582,0.0,0.0,NirK only
negadavirga,1.0,1.0,0.0,0.27,0.27,0.27,0.0,0.0,NirK only
natronocytophaga,1.0,1.0,0.0,0.27,0.27,0.27,0.0,0.0,NirK only
amniculibacterium,1.0,1.0,0.0,0.3,0.3,0.3,0.0,0.0,NirK only
ancrocorticia,1.0,1.0,0.0,1.629,1.629,1.629,0.0,0.0,NirK only
oceanitalea,1.0,1.0,0.0,1.582,1.582,1.582,0.0,0.0,NirK only
allosphingosinicella,1.0,1.0,0.0,0.316,0.316,0.316,0.0,0.0,NirK only
oleiharenicola,1.0,1.0,0.0,0.549,0.549,0.549,0.0,0.0,NirK only
parapusillimonas,1.0,1.0,0.0,0.28200000000000003,0.28200000000000003,0.28200000000000003,0.0,0.0,NirK only
peptidiphaga,1.0,1.0,0.0,1.9290000000000003,1.9290000000000003,1.9290000000000003,0.0,0.0,NirK only
pelagivirga,1.0,0.0,1.0,0.629,0.629,0.629,1.0,0.0,Both proteins
pelagicoccus,1.0,1.0,0.0,0.292,0.292,0.292,0.0,0.0,NirK only
peiella,1.0,1.0,0.0,0.319,0.319,0.319,0.0,0.0,NirK only
pedococcus,1.0,1.0,0.0,0.9520000000000001,0.9520000000000001,0.9520000000000001,0.0,0.0,NirK only
pedobacter,1.0,1.0,0.0,0.27499999999999997,0.27499999999999997,0.27499999999999997,0.0,0.0,NirK only
parascardovia,1.0,1.0,0.0,1.294,1.294,1.294,0.0,0.0,NirK only
pararhodobacter,1.0,0.0,1.0,0.625,0.625,0.625,1.0,0.0,Both proteins
allomicrovenator,1.0,1.0,0.0,0.272,0.272,0.272,0.0,0.0,NirK only
oligoflexus,1.0,1.0,0.0,0.826,0.826,0.826,0.0,0.0,NirK only
parachitinimonas,1.0,0.0,1.0,0.27899999999999997,0.27899999999999997,0.27899999999999997,1.0,0.0,Both proteins
paraburkholderia,1.0,1.0,0.0,0.565,0.565,0.565,0.0,0.0,NirK only
paenirhizobium,1.0,0.0,1.0,0.314,0.314,0.314,1.0,0.0,Both proteins
oryzobacter,1.0,1.0,0.0,1.266,1.266,1.266,0.0,0.0,NirK only
alloscardovia,1.0,1.0,0.0,1.311,1.311,1.311,0.0,0.0,NirK only
ornithinicoccus,1.0,1.0,0.0,1.274,1.274,1.274,0.0,0.0,NirK only
ornithinibacter,1.0,1.0,0.0,1.587,1.587,1.587,0.0,0.0,NirK only
ollibium,1.0,0.0,1.0,0.28200000000000003,0.28200000000000003,0.28200000000000003,1.0,0.0,Both proteins
antricoccus,1.0,1.0,0.0,0.946,0.946,0.946,0.0,0.0,NirK only
muricoccus,1.0,1.0,0.0,0.317,0.317,0.317,0.0,0.0,NirK only
morococcus,1.0,0.0,1.0,0.257,0.257,0.257,1.0,0.0,Both proteins
mangrovimonas,1.0,1.0,0.0,0.27599999999999997,0.27599999999999997,0.27599999999999997,0.0,0.0,NirK only
marixanthomonas,1.0,1.0,0.0,0.272,0.272,0.272,0.0,0.0,NirK only
maritalea,1.0,1.0,0.0,0.6669999999999999,0.6669999999999999,0.6669999999999999,0.0,0.0,NirK only
marinospirillum,1.0,0.0,1.0,0.28200000000000003,0.28200000000000003,0.28200000000000003,1.0,0.0,Both proteins
aquisalimonas,1.0,1.0,0.0,0.627,0.627,0.627,0.0,0.0,NirK only
arachidicoccus,1.0,1.0,0.0,0.297,0.297,0.297,0.0,0.0,NirK only
mariniluteicoccus,1.0,1.0,0.0,0.955,0.955,0.955,0.0,0.0,NirK only
marinihelvus,1.0,0.0,1.0,0.27899999999999997,0.27899999999999997,0.27899999999999997,1.0,0.0,Both proteins
maricaulis,1.0,1.0,0.0,0.318,0.318,0.318,0.0,0.0,NirK only
manganitrophus,1.0,1.0,0.0,0.946,0.946,0.946,0.0,0.0,NirK only
aquipseudomonas,1.0,0.0,1.0,0.27999999999999997,0.27999999999999997,0.27999999999999997,1.0,0.0,Both proteins
manganibacter,1.0,0.0,1.0,0.28200000000000003,0.28200000000000003,0.28200000000000003,1.0,0.0,Both proteins
lwoffella,1.0,1.0,0.0,0.262,0.262,0.262,0.0,0.0,NirK only
lutibaculum,1.0,0.0,1.0,0.635,0.635,0.635,1.0,0.0,Both proteins
lutibacter,1.0,1.0,0.0,0.27599999999999997,0.27599999999999997,0.27599999999999997,0.0,0.0,NirK only
luteolibacter,1.0,1.0,0.0,0.281,0.281,0.281,0.0,0.0,NirK only
ardenticatena,1.0,1.0,0.0,0.28700000000000003,0.28700000000000003,0.28700000000000003,0.0,0.0,NirK only
lunatimonas,1.0,1.0,0.0,0.319,0.319,0.319,0.0,0.0,NirK only
lunatibacter,1.0,1.0,0.0,0.271,0.271,0.271,0.0,0.0,NirK only
marixanthotalea,1.0,1.0,0.0,0.28200000000000003,0.28200000000000003,0.28200000000000003,0.0,0.0,NirK only
membranihabitans,1.0,1.0,0.0,0.27499999999999997,0.27499999999999997,0.27499999999999997,0.0,0.0,NirK only
mongoliibacter,1.0,1.0,0.0,0.271,0.271,0.271,0.0,0.0,NirK only
methylosinus,1.0,0.0,1.0,0.28400000000000003,0.28400000000000003,0.28400000000000003,1.0,0.0,Both proteins
modicisalibacter,1.0,1.0,0.0,0.28400000000000003,0.28400000000000003,0.28400000000000003,0.0,0.0,NirK only
modestobacter,1.0,1.0,0.0,0.9520000000000001,0.9520000000000001,0.9520000000000001,0.0,0.0,NirK only
mizugakiibacter,1.0,1.0,0.0,0.571,0.571,0.571,0.0,0.0,NirK only
minwuia,1.0,0.0,1.0,0.313,0.313,0.313,1.0,0.0,Both proteins
micromonospora,1.0,1.0,0.0,1.266,1.266,1.266,0.0,0.0,NirK only
aquibium,1.0,0.0,1.0,0.315,0.315,0.315,1.0,0.0,Both proteins
aquiflexum,1.0,1.0,0.0,0.27,0.27,0.27,0.0,0.0,NirK only
methylothermus,1.0,1.0,0.0,0.9400000000000001,0.9400000000000001,0.9400000000000001,0.0,0.0,NirK only
methylosarcina,1.0,1.0,0.0,0.299,0.299,0.299,0.0,0.0,NirK only
metallibacterium,1.0,1.0,0.0,0.281,0.281,0.281,0.0,0.0,NirK only
methyloprofundus,1.0,1.0,0.0,0.613,0.613,0.613,0.0,0.0,NirK only
methylomonas,1.0,1.0,0.0,0.32299999999999995,0.32299999999999995,0.32299999999999995,0.0,0.0,NirK only
methylomarinum,1.0,1.0,0.0,1.645,1.645,1.645,0.0,0.0,NirK only
methylomarinovum,1.0,1.0,0.0,0.898,0.898,0.898,0.0,0.0,NirK only
methylocella,1.0,1.0,0.0,0.8619999999999999,0.8619999999999999,0.8619999999999999,0.0,0.0,NirK only
methylocalor,1.0,1.0,0.0,0.592,0.592,0.592,0.0,0.0,NirK only
methylobacter,1.0,1.0,0.0,0.291,0.291,0.291,0.0,0.0,NirK only
methanotrophic,1.0,1.0,0.0,0.621,0.621,0.621,0.0,0.0,NirK only
acidiferrobacter,1.0,1.0,0.0,0.9369999999999999,0.9369999999999999,0.9369999999999999,0.0,0.0,NirK only
